phrase,intensity,polarity,able_signals,geo_sa,neg_high_hits,neg_med_hits
executive burnout recovery,1.5,constructive_pain,2,False,0,1
burnout recovery when rest doesn't help,1.5,constructive_pain,1,False,0,1
how to recover from burnout that sleep doesn't fix,1.5,constructive_pain,2,False,0,1
why am I still exhausted after sleeping,3.0,distress,0,False,1,0
mental exhaustion that won't go away,4.5,distress,0,False,1,1
can't switch off from work at night,0.0,neutral_info,0,False,0,0
dread Monday morning every week,1.5,distress,0,False,0,1
work stress recovery South Africa,1.5,constructive_pain,1,True,0,1
burnout vs normal tiredness,3.0,distress,0,False,0,2
chronic work exhaustion self help,1.5,constructive_pain,1,False,0,1
why weekends don't restore me,0.0,neutral_info,0,False,0,0
leave days don't fix my burnout,1.5,distress,0,False,0,1
burned out but still functioning at work,0.0,neutral_info,0,False,0,0
high functioning burnout symptoms,1.5,distress,0,False,0,1
executive mental fatigue,1.5,constructive_pain,1,False,0,1
can't recover from work stress,1.5,constructive_pain,1,False,0,1
persistent mental exhaustion,1.5,distress,0,False,0,1
why do I feel drained after a full night sleep,3.0,distress,0,False,1,0
burnout recovery for high performers,1.5,constructive_pain,2,False,0,1
how to get energy back after burnout,1.5,constructive_pain,1,False,0,1
I've been exhausted for months and weekends don't fix it,3.0,distress,0,False,1,0
I look fine at work but inside I'm completely drained,3.0,distress,0,False,1,0
I can't stop thinking about work even on holiday,3.0,constructive_pain,1,False,1,0
I'm successful on paper and completely empty of energy,3.0,distress,0,False,1,0
sleep doesn't restore me anymore what is wrong,0.0,neutral_info,0,False,0,0
I dread every Monday and can't explain why,1.5,distress,0,False,0,1
I take leave and still feel burned out when I return,0.0,neutral_info,0,False,0,0
my body is tired but my mind won't switch off,1.5,distress,0,False,0,1
I function at work but collapse at home,3.0,distress,0,False,1,0
why am I exhausted when my life looks fine,3.0,distress,0,False,1,0
I need to recover from burnout without quitting my job,1.5,constructive_pain,1,False,0,1
how do able people recover from deep work exhaustion,1.5,constructive_pain,2,False,0,1
I'm burned out but I still have to show up,0.0,neutral_info,0,False,0,0
rest doesn't work for my kind of exhaustion,1.5,distress,0,False,0,1
I feel like my battery never recharges,0.0,neutral_info,0,False,0,0
executive burnout Johannesburg,1.5,constructive_pain,1,True,0,1
burnout recovery Cape Town professionals,1.5,constructive_pain,1,True,0,1
work exhaustion Durban,1.5,distress,0,True,0,1
mental fatigue Sandton executives,1.5,constructive_pain,1,True,0,1
burnout recovery Gauteng,1.5,constructive_pain,1,True,0,1
Joburg professional burnout,1.5,distress,0,True,0,1
Cape Town burnout when rest fails,1.5,distress,0,True,0,1
Durban work stress recovery,1.5,constructive_pain,1,True,0,1
Gqeberha professional exhaustion,1.5,distress,0,True,0,1
Pretoria government stress burnout,3.0,distress,0,True,0,2
Randburg professional burnout,1.5,distress,0,True,0,1
Sandton high performer exhaustion,1.5,constructive_pain,1,True,0,1
why can't I recover from burnout,1.5,constructive_pain,1,False,0,1
why does rest not fix my exhaustion,1.5,distress,0,False,0,1
how long does executive burnout recovery take,1.5,constructive_pain,2,False,0,1
is it normal to feel this drained after sleep,3.0,distress,0,False,1,0
what is high functioning burnout,1.5,distress,0,False,0,1
how do I know if I have burnout or just stress,3.0,distress,0,False,0,2
can I recover from burnout without leaving my job,1.5,constructive_pain,1,False,0,1
why do I feel worse on Sunday nights,0.0,neutral_info,0,False,0,0
what helps burnout when sleep fails,1.5,distress,0,False,0,1
how to stop dreading Monday mornings,1.5,constructive_pain,2,False,0,1
I'm so tired of being tired,1.5,distress,0,False,0,1
I feel empty even after resting,3.0,distress,0,False,1,0
my energy never comes back,0.0,neutral_info,0,False,0,0
I fake being fine at work,0.0,neutral_info,0,False,0,0
everyone thinks I'm coping but I'm not,0.0,neutral_info,0,False,0,0
I have nothing left for my family after work,3.0,distress,0,False,1,0
I used to love my job now I just endure it,0.0,neutral_info,0,False,0,0
I'm running on fumes every day,0.0,neutral_info,0,False,0,0
I feel like a shell of myself,0.0,neutral_info,0,False,0,0
successful but completely depleted,0.0,neutral_info,0,False,0,0
how to stop overreacting to small things,1.5,constructive_pain,2,False,0,1
emotional triggers how to control,1.5,constructive_pain,2,False,0,1
why do I get so upset over minor things,0.0,neutral_info,0,False,0,0
how to stop reacting in arguments,0.0,agency,2,False,0,0
emotional regulation techniques for adults,0.0,neutral_info,0,False,0,0
stop exploding then regretting it,3.0,constructive_pain,1,False,1,0
why do I overreact when stressed,3.0,distress,0,False,0,2
how to stop snapping at people,3.0,constructive_pain,2,False,1,0
control emotional reactions at work,0.0,agency,1,False,0,0
why do small things set me off,0.0,neutral_info,0,False,0,0
emotional overreaction self help,1.5,constructive_pain,1,False,0,1
how to stay calm when triggered,1.5,constructive_pain,1,False,0,1
stop disproportionate reactions,0.0,agency,1,False,0,0
why am I so reactive lately,1.5,distress,0,False,0,1
how to not take things so personally,0.0,agency,1,False,0,0
emotional triggers from past stress,3.0,distress,0,False,0,2
how to respond instead of react,0.0,agency,1,False,0,0
calm under pressure techniques,1.5,distress,0,False,0,1
stop flying off the handle,0.0,agency,1,False,0,0
emotional self control for adults,0.0,agency,1,False,0,0
I explode over small things and hate myself after,6.0,high_distress,0,False,2,0
why do I react so big to tiny frustrations,0.0,neutral_info,0,False,0,0
I say things in anger I don't mean,0.0,neutral_info,0,False,0,0
I get triggered and lose control of my tone,1.5,constructive_pain,1,False,0,1
small comments set me off for hours,0.0,neutral_info,0,False,0,0
I overreact then spend the night regretting it,4.5,distress,0,False,1,1
my reactions are bigger than the situation,0.0,neutral_info,0,False,0,0
I want to stop being so reactive with my partner,1.5,constructive_pain,1,False,0,1
I snap at my kids and feel terrible,3.0,distress,0,False,1,0
I can't stay calm when someone criticizes me,0.0,neutral_info,0,False,0,0
I go from zero to furious in seconds,0.0,neutral_info,0,False,0,0
how do I stop emotional outbursts at work,0.0,agency,1,False,0,0
I know I'm overreacting but I can't stop in the moment,4.5,constructive_pain,1,False,1,1
my temper is costing me relationships,0.0,neutral_info,0,False,0,0
I need tools to stop reacting from old stress,1.5,constructive_pain,2,False,0,1
stop overreacting Johannesburg,1.5,constructive_pain,1,True,0,1
emotional triggers Cape Town,1.5,distress,0,True,0,1
how to stop snapping Durban,3.0,constructive_pain,2,True,1,0
emotional regulation Sandton,0.0,neutral_info,0,True,0,0
overreaction self help Gauteng,1.5,constructive_pain,1,True,0,1
calm under pressure Joburg professionals,1.5,distress,0,True,0,1
why do I overreact to everything,1.5,distress,0,False,0,1
how to stop emotional overreactions,1.5,constructive_pain,2,False,0,1
what causes disproportionate emotional reactions,0.0,neutral_info,0,False,0,0
how to control anger triggers,1.5,constructive_pain,2,False,0,1
why do I get so angry so fast,0.0,neutral_info,0,False,0,0
how to stop regretting what I say in arguments,3.0,constructive_pain,2,False,1,0
can I retrain my emotional reactions,0.0,neutral_info,0,False,0,0
why am I more reactive when tired,3.0,distress,0,False,0,2
I hate how I react when stressed,1.5,distress,0,False,0,1
I become someone I don't like under pressure,1.5,distress,0,False,0,1
my family walks on eggshells around me,0.0,neutral_info,0,False,0,0
I apologize after every blow up,0.0,neutral_info,0,False,0,0
I know the trigger is small but it feels huge,1.5,distress,0,False,0,1
I'm embarrassed by my reactions,0.0,neutral_info,0,False,0,0
I want composure back,0.0,agency,1,False,0,0
why does my past still affect me,0.0,neutral_info,0,False,0,0
old stress still running my life,1.5,distress,0,False,0,1
how to stop past from controlling present,0.0,agency,3,False,0,0
emotional baggage that won't leave,0.0,neutral_info,0,False,0,0
why do I keep replaying old events,0.0,neutral_info,0,False,0,0
past trauma responses in daily life,0.0,neutral_info,0,False,0,0
how to let go of past stress reactions,1.5,constructive_pain,1,False,0,1
stuck in old emotional patterns,1.5,distress,0,False,0,1
why do old memories still hurt,0.0,neutral_info,0,False,0,0
past still triggers me today,1.5,distress,0,False,0,1
how to stop living in the past emotionally,0.0,agency,2,False,0,0
old wounds affecting current relationships,0.0,neutral_info,0,False,0,0
why can't I move on from past stress,1.5,distress,0,False,0,1
emotional residue from past events,0.0,neutral_info,0,False,0,0
how past pain shows up in present reactions,0.0,neutral_info,0,False,0,0
something from years ago still runs my reactions,0.0,neutral_info,0,False,0,0
I thought I was over it but it still triggers me,1.5,distress,0,False,0,1
old stress comes back in new situations,1.5,distress,0,False,0,1
I react like the past is happening again,0.0,neutral_info,0,False,0,0
my present is controlled by old unresolved stress,1.5,constructive_pain,1,False,0,1
I keep repeating the same emotional pattern,0.0,neutral_info,0,False,0,0
the past is still in my body somehow,0.0,neutral_info,0,False,0,0
I want to stop being run by old events,0.0,agency,1,False,0,0
certain situations bring back old feelings instantly,0.0,neutral_info,0,False,0,0
I know it's the past but it feels current,0.0,neutral_info,0,False,0,0
past stress still affecting me South Africa,1.5,distress,0,True,0,1
emotional baggage Johannesburg,0.0,neutral_info,0,True,0,0
can't move on from past Cape Town,0.0,neutral_info,0,True,0,0
why does the past keep coming back,0.0,neutral_info,0,False,0,0
how to stop past triggers,1.5,constructive_pain,2,False,0,1
can old stress still control you years later,1.5,constructive_pain,1,False,0,1
how to clear emotional residue from the past,0.0,agency,1,False,0,0
I'm tired of the past running me,1.5,distress,0,False,0,1
I want my present back,0.0,neutral_info,0,False,0,0
old pain still has power over me,0.0,neutral_info,0,False,0,0
why do I sabotage myself near success,1.5,distress,0,False,0,1
self sabotage patterns high achievers,1.5,distress,0,False,0,1
why do I get in my own way,0.0,neutral_info,0,False,0,0
blocked potential self help,1.5,constructive_pain,1,False,0,1
how to stop self sabotaging,0.0,agency,2,False,0,0
fear of success self sabotage,1.5,distress,0,False,0,1
why do I procrastinate on important goals,0.0,neutral_info,0,False,0,0
self defeating behaviour patterns,0.0,neutral_info,0,False,0,0
why do I ruin good opportunities,0.0,neutral_info,0,False,0,0
internal blocks to success,0.0,neutral_info,0,False,0,0
how to stop undercutting myself,0.0,agency,2,False,0,0
self sabotage after progress,1.5,distress,0,False,0,1
why do I freeze when things go well,0.0,neutral_info,0,False,0,0
hidden resistance to my own goals,0.0,neutral_info,0,False,0,0
why am I my own worst enemy,0.0,neutral_info,0,False,0,0
every time I get close to success I mess it up,0.0,neutral_info,0,False,0,0
I set goals then undermine them,0.0,neutral_info,0,False,0,0
I know what to do but I don't do it,0.0,neutral_info,0,False,0,0
something in me resists my own progress,0.0,neutral_info,0,False,0,0
I achieve then collapse the win,3.0,distress,0,False,1,0
I talk myself out of good opportunities,0.0,neutral_info,0,False,0,0
I feel blocked by something I can't name,1.5,distress,0,False,0,1
I want success but part of me fights it,0.0,neutral_info,0,False,0,0
I keep repeating the same self defeating cycle,0.0,neutral_info,0,False,0,0
I'm capable but I don't operate at my level,0.0,agency,1,False,0,0
self sabotage Johannesburg professionals,1.5,distress,0,True,0,1
blocked potential Cape Town,1.5,distress,0,True,0,1
why do I get in my own way Gauteng,0.0,neutral_info,0,True,0,0
why do I sabotage my own success,1.5,distress,0,False,0,1
how to stop being my own obstacle,0.0,agency,2,False,0,0
what causes self sabotage in high performers,1.5,constructive_pain,1,False,0,1
how to break self defeating patterns,0.0,agency,1,False,0,0
I'm frustrated with myself not only others,1.5,distress,0,False,0,1
I know I'm capable of more,0.0,agency,1,False,0,0
I feel like something is holding me back from inside,0.0,neutral_info,0,False,0,0
emotional burnout from helping everyone,1.5,distress,0,False,0,1
people pleasing exhaustion,1.5,distress,0,False,0,1
carrying everyone else's emotions,0.0,neutral_info,0,False,0,0
compassion fatigue self help,1.5,constructive_pain,1,False,0,1
burned out from being the strong one,0.0,neutral_info,0,False,0,0
how to stop absorbing other people's stress,1.5,constructive_pain,2,False,0,1
relationship burnout high empathy,1.5,distress,0,False,0,1
tired of being everyone's support,1.5,distress,0,False,0,1
emotional labour burnout,1.5,distress,0,False,0,1
how to set boundaries without guilt,0.0,agency,1,False,0,0
drained by other people's problems,3.0,distress,0,False,1,0
caregiver burnout emotional,1.5,distress,0,False,0,1
why am I exhausted by people,3.0,distress,0,False,1,0
need recovery from people load,1.5,constructive_pain,1,False,0,1
empath burnout recovery,1.5,constructive_pain,1,False,0,1
I carry everyone and have nothing left for myself,3.0,distress,0,False,1,0
people drain me and I don't know how to stop it,0.0,agency,2,False,0,0
I'm the strong one and I'm collapsing,0.0,neutral_info,0,False,0,0
I absorb stress from my partner and family,1.5,distress,0,False,0,1
I can't switch off from other people's emotions,0.0,neutral_info,0,False,0,0
I'm burned out from being needed all the time,0.0,neutral_info,0,False,0,0
I help everyone else and neglect my own recovery,0.0,agency,1,False,0,0
relationships feel heavy instead of supportive,0.0,neutral_info,0,False,0,0
I need boundaries but feel guilty setting them,0.0,neutral_info,0,False,0,0
I'm exhausted by the emotional load at home,4.5,distress,0,False,1,1
people load burnout Johannesburg,3.0,distress,0,True,0,2
emotional exhaustion from family Cape Town,1.5,distress,0,True,0,1
relationship burnout Durban,1.5,distress,0,True,0,1
why am I so drained by people,3.0,distress,0,False,1,0
how to stop carrying everyone else's emotions,0.0,agency,2,False,0,0
is it normal to feel burned out by relationships,0.0,neutral_info,0,False,0,0
how to recover from being the strong one,0.0,agency,2,False,0,0
I have nothing left to give,3.0,distress,0,False,1,0
I'm tired of being strong for everyone,1.5,distress,0,False,0,1
I need space but can't ask for it,0.0,neutral_info,0,False,0,0
why do I feel numb after stress,4.5,distress,0,False,1,1
emotional numbness self help,3.0,constructive_pain,1,False,1,0
I feel nothing anymore,0.0,neutral_info,0,False,0,0
shutdown after overload,4.5,distress,0,False,1,1
emotional flatness high achievers,1.5,distress,0,False,0,1
why am I emotionally disconnected,0.0,neutral_info,0,False,0,0
can't feel joy or sadness,0.0,neutral_info,0,False,0,0
dissociation after chronic stress,1.5,distress,0,False,0,1
why do I feel foggy and flat,4.5,distress,0,False,1,1
emotional shutdown recovery,3.0,constructive_pain,1,False,1,0
feel empty inside despite success,3.0,distress,0,False,1,0
numbness instead of emotions,3.0,distress,0,False,1,0
why can't I feel things properly,0.0,neutral_info,0,False,0,0
flat affect after burnout,3.0,distress,0,False,0,2
how to feel alive again after stress,1.5,constructive_pain,1,False,0,1
I used to feel a lot now I feel nothing,0.0,neutral_info,0,False,0,0
stress made me shut down emotionally,1.5,distress,0,False,0,1
I'm functional but empty inside,3.0,distress,0,False,1,0
I can't access my emotions anymore,0.0,neutral_info,0,False,0,0
everything feels muted and distant,0.0,neutral_info,0,False,0,0
I want to feel again but I don't know how,0.0,neutral_info,0,False,0,0
I go through the motions without feeling,0.0,neutral_info,0,False,0,0
joy doesn't register the way it used to,0.0,neutral_info,0,False,0,0
I'm present physically but checked out inside,0.0,neutral_info,0,False,0,0
numbness is my default now,3.0,distress,0,False,1,0
emotional numbness Johannesburg,3.0,distress,0,True,1,0
feel nothing after burnout Cape Town,1.5,distress,0,True,0,1
emotional shutdown Sandton professionals,3.0,distress,0,True,1,0
why do I feel emotionally numb,3.0,distress,0,False,1,0
how to recover from emotional shutdown,3.0,constructive_pain,2,False,1,0
is numbness a sign of burnout,4.5,distress,0,False,1,1
how to feel again after chronic stress,1.5,constructive_pain,1,False,0,1
I miss feeling things,0.0,neutral_info,0,False,0,0
I'm worried I've lost myself,0.0,neutral_info,0,False,0,0
empty is my normal now,3.0,distress,0,False,1,0
successful but empty inside,3.0,distress,0,False,1,0
achieved goals still unsatisfied,0.0,neutral_info,0,False,0,0
why am I unhappy despite success,0.0,neutral_info,0,False,0,0
high achiever emptiness,0.0,neutral_info,0,False,0,0
hollow success feeling,3.0,distress,0,False,1,0
why doesn't success make me happy,0.0,neutral_info,0,False,0,0
mid career emptiness,0.0,neutral_info,0,False,0,0
accomplished but unfulfilled,0.0,neutral_info,0,False,0,0
success without satisfaction,0.0,neutral_info,0,False,0,0
why do I feel empty after winning,3.0,distress,0,False,1,0
prestige without meaning,0.0,neutral_info,0,False,0,0
career success personal emptiness,0.0,neutral_info,0,False,0,0
why am I not enjoying what I built,0.0,neutral_info,0,False,0,0
empty at the top self help,3.0,constructive_pain,1,False,1,0
high performer lack of fulfillment,0.0,agency,1,False,0,0
I have what I wanted and I still feel empty,3.0,distress,0,False,1,0
my life looks successful and feels hollow,3.0,distress,0,False,1,0
I achieved the goals and the satisfaction didn't come,0.0,neutral_info,0,False,0,0
I'm respected at work and empty at home,3.0,distress,0,False,1,0
success didn't fix the internal emptiness,0.0,neutral_info,0,False,0,0
I keep achieving and still feel like something is missing,0.0,neutral_info,0,False,0,0
people envy my life and I feel nothing about it,0.0,neutral_info,0,False,0,0
I want meaning not only more success,0.0,neutral_info,0,False,0,0
I've checked all the boxes and still feel lost,0.0,neutral_info,0,False,0,0
external success internal vacancy,0.0,neutral_info,0,False,0,0
successful but empty Johannesburg,3.0,distress,0,True,1,0
high achiever emptiness Sandton,0.0,neutral_info,0,True,0,0
career success no fulfillment Cape Town,0.0,neutral_info,0,True,0,0
hollow success Gauteng professionals,3.0,distress,0,True,1,0
why do successful people feel empty,3.0,distress,0,False,1,0
how to find fulfillment after career success,0.0,agency,1,False,0,0
is it normal to feel empty despite achievements,3.0,distress,0,False,1,0
what causes emptiness after reaching goals,0.0,neutral_info,0,False,0,0
I thought success would be enough,0.0,neutral_info,0,False,0,0
I have everything and feel nothing,0.0,neutral_info,0,False,0,0
I'm searching for something success didn't give me,0.0,neutral_info,0,False,0,0
why am I so irritable all the time,1.5,constructive_pain,1,False,0,1
short fuse under stress,1.5,distress,0,False,0,1
how to stop being so irritable,1.5,constructive_pain,3,False,0,1
irritability after chronic stress,1.5,distress,0,False,0,1
snap at everyone then regret it,6.0,high_distress,0,False,2,0
short temper recovery,0.0,agency,1,False,0,0
why do I have no patience anymore,3.0,distress,0,False,1,0
irritable with family after work,1.5,constructive_pain,1,False,0,1
low frustration tolerance adults,0.0,neutral_info,0,False,0,0
how to lengthen my fuse,0.0,agency,1,False,0,0
chronic irritability self help,0.0,agency,1,False,0,0
why small things annoy me so much,0.0,neutral_info,0,False,0,0
irritability and mental exhaustion,1.5,distress,0,False,0,1
stop being snappy with loved ones,3.0,constructive_pain,1,False,1,0
regain patience under load,1.5,constructive_pain,1,False,0,1
I have no patience left for anyone,3.0,distress,0,False,1,0
I snap at my partner over nothing,3.0,distress,0,False,1,0
my fuse is so short I scare myself,0.0,neutral_info,0,False,0,0
I used to be patient now everything annoys me,0.0,neutral_info,0,False,0,0
after work I can't tolerate any noise or requests,0.0,neutral_info,0,False,0,0
I'm irritable from the moment I wake up,1.5,constructive_pain,1,False,0,1
my family gets the worst version of me,0.0,neutral_info,0,False,0,0
I hate how short tempered I've become,0.0,neutral_info,0,False,0,0
stress has destroyed my patience,4.5,distress,0,False,1,1
I need my calm back,0.0,neutral_info,0,False,0,0
irritability Johannesburg professionals,0.0,neutral_info,0,True,0,0
short fuse after work Cape Town,0.0,neutral_info,0,True,0,0
no patience left Durban,3.0,distress,0,True,1,0
why am I so irritable,1.5,constructive_pain,1,False,0,1
what causes chronic irritability in adults,0.0,neutral_info,0,False,0,0
how to recover patience after burnout,1.5,constructive_pain,2,False,0,1
I don't like who I am when stressed,1.5,distress,0,False,0,1
my temper is hurting my relationships,0.0,neutral_info,0,False,0,0
I want to be easy to live with again,0.0,neutral_info,0,False,0,0
can't stop overthinking,4.5,constructive_pain,1,False,1,1
rumination how to stop,1.5,constructive_pain,2,False,0,1
mental noise won't quiet,0.0,neutral_info,0,False,0,0
replaying conversations in my head,0.0,neutral_info,0,False,0,0
how to stop mental loops,0.0,agency,2,False,0,0
overthinking at night,1.5,distress,0,False,0,1
can't switch mind off,0.0,neutral_info,0,False,0,0
racing thoughts self help,0.0,agency,1,False,0,0
mental chatter constant,0.0,neutral_info,0,False,0,0
how to quiet the mind without meditation only,0.0,agency,1,False,0,0
stuck in thought loops,1.5,distress,0,False,0,1
overthinking decisions endlessly,1.5,distress,0,False,0,1
mental replay of past events,0.0,neutral_info,0,False,0,0
can't stop analysing everything,3.0,constructive_pain,1,False,1,0
noisy mind recovery,0.0,agency,1,False,0,0
my mind won't stop replaying the day,0.0,agency,1,False,0,0
I overthink every conversation for hours,0.0,neutral_info,0,False,0,0
I can't get mental silence,0.0,neutral_info,0,False,0,0
thoughts loop until I feel exhausted,3.0,distress,0,False,1,0
I analyse everything until it hurts,0.0,neutral_info,0,False,0,0
my brain won't shut up at night,0.0,neutral_info,0,False,0,0
I want mental quiet not only distraction,0.0,neutral_info,0,False,0,0
overthinking is draining my energy,1.5,distress,0,False,0,1
I live in my head more than in the present,0.0,neutral_info,0,False,0,0
I need tools for mental noise,0.0,agency,1,False,0,0
overthinking Johannesburg,1.5,distress,0,True,0,1
can't switch mind off Cape Town,0.0,neutral_info,0,True,0,0
mental noise Sandton executives,0.0,agency,1,True,0,0
why can't I stop overthinking,1.5,constructive_pain,1,False,0,1
how to quiet mental chatter,0.0,agency,1,False,0,0
what causes constant rumination,1.5,distress,0,False,0,1
how to stop replaying conversations,0.0,agency,2,False,0,0
I'm exhausted by my own thoughts,3.0,distress,0,False,1,0
I want my mind back,0.0,neutral_info,0,False,0,0
silence feels impossible,0.0,neutral_info,0,False,0,0
burned out but can't quit job South Africa,0.0,neutral_info,0,True,0,0
trapped in stressful job for money,4.5,distress,0,False,1,1
can't afford to leave toxic work,0.0,neutral_info,0,False,0,0
work stress financial pressure South Africa,3.0,distress,0,True,0,2
burnout with no exit options,1.5,distress,0,False,0,1
stuck in high stress career SA,3.0,distress,0,False,0,2
load shedding stress and work pressure,4.5,distress,0,True,0,3
financial stress plus job burnout,3.0,distress,0,False,0,2
can't rest because of money pressure,1.5,distress,0,False,0,1
survival stress South Africa professionals,1.5,distress,0,True,0,1
Joburg cost of living work stress,1.5,distress,0,True,0,1
pressure to provide and personal burnout,3.0,distress,0,False,0,2
no safety net job stress SA,1.5,distress,0,False,0,1
working under constant economic pressure,1.5,distress,0,False,0,1
stress from load shedding and deadlines,3.0,distress,0,True,0,2
I can't quit but I can't keep going like this,0.0,neutral_info,0,False,0,0
money keeps me in a job that's burning me out,0.0,neutral_info,0,False,0,0
load shedding makes every day harder and I still have to deliver,1.5,distress,0,True,0,1
I provide for everyone and I'm empty,3.0,distress,0,False,1,0
economic pressure means I have no recovery time,1.5,constructive_pain,1,False,0,1
I feel trapped between burnout and financial responsibility,4.5,distress,0,False,1,1
SA cost of living plus work stress is crushing me,1.5,distress,0,False,0,1
I need internal tools because I can't change the external pressure yet,1.5,constructive_pain,1,False,0,1
I survive the month and pay with my health,0.0,neutral_info,0,False,0,0
I'm burned out in a system that doesn't let me rest,0.0,neutral_info,0,False,0,0
work stress Johannesburg cost of living,1.5,distress,0,True,0,1
burnout can't quit Cape Town,1.5,distress,0,True,0,1
financial and job stress Durban,1.5,distress,0,True,0,1
Gauteng professional trapped stress,4.5,distress,0,True,1,1
Sandton pressure burnout,3.0,distress,0,True,0,2
Randburg work and money stress,1.5,distress,0,True,0,1
how to cope with burnout when you can't quit,1.5,constructive_pain,1,False,0,1
what helps work stress when money is tight,1.5,distress,0,False,0,1
how to handle load shedding stress at work,3.0,constructive_pain,1,True,0,2
how to recover while still in a high pressure job,1.5,constructive_pain,2,False,0,1
I feel trapped,3.0,distress,0,False,1,0
external pressure never stops,1.5,constructive_pain,1,False,0,1
I need leverage inside myself,0.0,neutral_info,0,False,0,0
reactive mind explained simply,1.5,distress,0,False,0,1
what is the reactive mind,1.5,distress,0,False,0,1
why do I react without thinking,0.0,neutral_info,0,False,0,0
stored stress reactions,1.5,distress,0,False,0,1
hidden stress running my behaviour,1.5,distress,0,False,0,1
why do I react automatically under pressure,1.5,distress,0,False,0,1
stress recordings in the mind,1.5,distress,0,False,0,1
how past stress creates present reactions,1.5,distress,0,False,0,1
analytical mind vs reactive responses,1.5,distress,0,False,0,1
why logic fails when I'm triggered,1.5,distress,0,False,0,1
unwanted reactions I can't control,0.0,agency,1,False,0,0
something else is running my reactions,0.0,neutral_info,0,False,0,0
automatic stress responses,1.5,distress,0,False,0,1
why do I lose control under stress,1.5,constructive_pain,1,False,0,1
internal stress mechanisms,1.5,distress,0,False,0,1
I react before I can think,0.0,neutral_info,0,False,0,0
something takes over when I'm stressed,1.5,distress,0,False,0,1
my rational mind goes offline under pressure,1.5,distress,0,False,0,1
I know better but I still react the same way,0.0,neutral_info,0,False,0,0
it feels like I'm not fully in control,0.0,agency,1,False,0,0
automatic reactions I don't choose,0.0,neutral_info,0,False,0,0
Dianetics self help book,0.0,agency,1,False,0,0
Dianetics modern science of mental health,0.0,neutral_info,0,False,0,0
Dianetics for stress and reactions,1.5,distress,0,False,0,1
self help book for emotional reactions,0.0,agency,1,False,0,0
book for understanding stress reactions,1.5,distress,0,False,0,1
best self help book for burnout,1.5,constructive_pain,1,False,0,1
self help book for emotional control,0.0,agency,2,False,0,0
book to understand why I overreact,1.5,distress,0,False,0,1
self improvement book for high performers,0.0,agency,1,False,0,0
practical self help for stress reactions,1.5,constructive_pain,2,False,0,1
book for executive burnout recovery,1.5,constructive_pain,2,False,0,1
self help when therapy isn't enough,0.0,agency,1,False,0,0
structured self help for emotional patterns,0.0,agency,1,False,0,0
book about the reactive mind,1.5,distress,0,False,0,1
Dianetics book South Africa,0.0,neutral_info,0,True,0,0
buy Dianetics South Africa,0.0,neutral_info,0,True,0,0
Dianetics Instant EFT,0.0,neutral_info,0,False,0,0
self mastery book South Africa,0.0,agency,1,True,0,0
I need a practical tool not only talk,0.0,agency,1,False,0,0
I want a structured method to understand my reactions,0.0,neutral_info,0,False,0,0
looking for a self help system that explains the mechanism,0.0,agency,1,False,0,0
burnout recovery Johannesburg,1.5,constructive_pain,1,True,0,1
work stress Johannesburg,1.5,distress,0,True,0,1
emotional resilience Johannesburg,0.0,agency,1,True,0,0
self mastery Johannesburg,0.0,agency,1,True,0,0
high performer stress Johannesburg,1.5,constructive_pain,1,True,0,1
mental exhaustion Johannesburg,1.5,distress,0,True,0,1
stress recovery Johannesburg,1.5,constructive_pain,1,True,0,1
professional burnout Johannesburg,1.5,distress,0,True,0,1
executive burnout Joburg,1.5,constructive_pain,1,True,0,1
burnout recovery Joburg,1.5,constructive_pain,1,True,0,1
work stress Joburg,1.5,distress,0,True,0,1
emotional resilience Joburg,0.0,agency,1,True,0,0
self mastery Joburg,0.0,agency,1,True,0,0
stop overreacting Joburg,1.5,constructive_pain,1,True,0,1
high performer stress Joburg,1.5,constructive_pain,1,True,0,1
mental exhaustion Joburg,1.5,distress,0,True,0,1
stress recovery Joburg,1.5,constructive_pain,1,True,0,1
professional burnout Joburg,1.5,distress,0,True,0,1
executive burnout JHB,1.5,constructive_pain,1,False,0,1
burnout recovery JHB,1.5,constructive_pain,1,False,0,1
work stress JHB,1.5,distress,0,False,0,1
emotional resilience JHB,0.0,agency,1,False,0,0
self mastery JHB,0.0,agency,1,False,0,0
stop overreacting JHB,1.5,constructive_pain,1,False,0,1
high performer stress JHB,1.5,constructive_pain,1,False,0,1
mental exhaustion JHB,1.5,distress,0,False,0,1
stress recovery JHB,1.5,constructive_pain,1,False,0,1
professional burnout JHB,1.5,distress,0,False,0,1
executive burnout Sandton,1.5,constructive_pain,1,True,0,1
burnout recovery Sandton,1.5,constructive_pain,1,True,0,1
work stress Sandton,1.5,distress,0,True,0,1
emotional resilience Sandton,0.0,agency,1,True,0,0
self mastery Sandton,0.0,agency,1,True,0,0
stop overreacting Sandton,1.5,constructive_pain,1,True,0,1
high performer stress Sandton,1.5,constructive_pain,1,True,0,1
mental exhaustion Sandton,1.5,distress,0,True,0,1
stress recovery Sandton,1.5,constructive_pain,1,True,0,1
professional burnout Sandton,1.5,distress,0,True,0,1
executive burnout Randburg,1.5,constructive_pain,1,True,0,1
burnout recovery Randburg,1.5,constructive_pain,1,True,0,1
work stress Randburg,1.5,distress,0,True,0,1
emotional resilience Randburg,0.0,agency,1,True,0,0
self mastery Randburg,0.0,agency,1,True,0,0
stop overreacting Randburg,1.5,constructive_pain,1,True,0,1
high performer stress Randburg,1.5,constructive_pain,1,True,0,1
mental exhaustion Randburg,1.5,distress,0,True,0,1
stress recovery Randburg,1.5,constructive_pain,1,True,0,1
professional burnout Randburg,1.5,distress,0,True,0,1
executive burnout Cape Town,1.5,constructive_pain,1,True,0,1
burnout recovery Cape Town,1.5,constructive_pain,1,True,0,1
work stress Cape Town,1.5,distress,0,True,0,1
emotional resilience Cape Town,0.0,agency,1,True,0,0
self mastery Cape Town,0.0,agency,1,True,0,0
stop overreacting Cape Town,1.5,constructive_pain,1,True,0,1
high performer stress Cape Town,1.5,constructive_pain,1,True,0,1
mental exhaustion Cape Town,1.5,distress,0,True,0,1
stress recovery Cape Town,1.5,constructive_pain,1,True,0,1
professional burnout Cape Town,1.5,distress,0,True,0,1
executive burnout CT,1.5,constructive_pain,1,False,0,1
burnout recovery CT,1.5,constructive_pain,1,False,0,1
work stress CT,1.5,distress,0,False,0,1
emotional resilience CT,0.0,agency,1,False,0,0
self mastery CT,0.0,agency,1,False,0,0
stop overreacting CT,1.5,constructive_pain,1,False,0,1
high performer stress CT,1.5,constructive_pain,1,False,0,1
mental exhaustion CT,1.5,distress,0,False,0,1
stress recovery CT,1.5,constructive_pain,1,False,0,1
professional burnout CT,1.5,distress,0,False,0,1
executive burnout Durban,1.5,constructive_pain,1,True,0,1
burnout recovery Durban,1.5,constructive_pain,1,True,0,1
work stress Durban,1.5,distress,0,True,0,1
emotional resilience Durban,0.0,agency,1,True,0,0
self mastery Durban,0.0,agency,1,True,0,0
stop overreacting Durban,1.5,constructive_pain,1,True,0,1
high performer stress Durban,1.5,constructive_pain,1,True,0,1
mental exhaustion Durban,1.5,distress,0,True,0,1
stress recovery Durban,1.5,constructive_pain,1,True,0,1
professional burnout Durban,1.5,distress,0,True,0,1
executive burnout Gqeberha,1.5,constructive_pain,1,True,0,1
burnout recovery Gqeberha,1.5,constructive_pain,1,True,0,1
work stress Gqeberha,1.5,distress,0,True,0,1
emotional resilience Gqeberha,0.0,agency,1,True,0,0
self mastery Gqeberha,0.0,agency,1,True,0,0
stop overreacting Gqeberha,1.5,constructive_pain,1,True,0,1
high performer stress Gqeberha,1.5,constructive_pain,1,True,0,1
mental exhaustion Gqeberha,1.5,distress,0,True,0,1
stress recovery Gqeberha,1.5,constructive_pain,1,True,0,1
professional burnout Gqeberha,1.5,distress,0,True,0,1
executive burnout Port Elizabeth,1.5,constructive_pain,1,False,0,1
burnout recovery Port Elizabeth,1.5,constructive_pain,1,False,0,1
work stress Port Elizabeth,1.5,distress,0,False,0,1
emotional resilience Port Elizabeth,0.0,agency,1,False,0,0
self mastery Port Elizabeth,0.0,agency,1,False,0,0
stop overreacting Port Elizabeth,1.5,constructive_pain,1,False,0,1
high performer stress Port Elizabeth,1.5,constructive_pain,1,False,0,1
mental exhaustion Port Elizabeth,1.5,distress,0,False,0,1
stress recovery Port Elizabeth,1.5,constructive_pain,1,False,0,1
professional burnout Port Elizabeth,1.5,distress,0,False,0,1
executive burnout PE,1.5,constructive_pain,1,False,0,1
burnout recovery PE,1.5,constructive_pain,1,False,0,1
work stress PE,1.5,distress,0,False,0,1
emotional resilience PE,0.0,agency,1,False,0,0
self mastery PE,0.0,agency,1,False,0,0
stop overreacting PE,1.5,constructive_pain,1,False,0,1
high performer stress PE,1.5,constructive_pain,1,False,0,1
mental exhaustion PE,1.5,distress,0,False,0,1
stress recovery PE,1.5,constructive_pain,1,False,0,1
professional burnout PE,1.5,distress,0,False,0,1
self improvement for high performers,0.0,agency,1,False,0,0
tools for able people under stress,1.5,constructive_pain,2,False,0,1
personal development for professionals,0.0,neutral_info,0,False,0,0
capacity recovery for executives,0.0,agency,3,False,0,0
how able people handle burnout,1.5,constructive_pain,1,False,0,1
self mastery for leaders,0.0,agency,1,False,0,0
emotional control for high agency people,0.0,agency,1,False,0,0
performance under pressure self help,1.5,constructive_pain,1,False,0,1
clear headed under stress,1.5,distress,0,False,0,1
operate at full capacity again,0.0,agency,1,False,0,0
regain composure and clarity,0.0,agency,3,False,0,0
practical self help for capable adults,0.0,agency,3,False,0,0
I'm still showing up I just need capacity back,0.0,agency,1,False,0,0
I want a tool not only sympathy,0.0,neutral_info,0,False,0,0
I'm willing to confront what is running me,0.0,neutral_info,0,False,0,0
I fix problems for others now I need my own capacity,0.0,agency,1,False,0,0
"Subdomain / org naming: prefer geo + cluster head terms (e.g. self-mastery-sa, jhb-exec-resilience).",0.0,agency,2,False,0,0
Ranking page H1/title: pick 1 primary short query + 1 long human question.,0.0,neutral_info,0,False,0,0
FAQ blocks: convert question-form phrases into schema-ready Q&A.,0.0,neutral_info,0,False,0,0
Ads / social: use sentiment and forum-style lines.,0.0,neutral_info,0,False,0,0
Keyword research expert: feed cluster + able-filter + exclude clinical terms.,0.0,agency,1,False,0,0
"Never rank on diagnosis keywords (depression treatment, anxiety medication, PTSD cure, etc.).",1.5,distress,0,False,0,1
how to recover from burnout,1.5,constructive_pain,2,False,0,1
ways to recover from burnout,1.5,constructive_pain,1,False,0,1
how to fix burnout,1.5,constructive_pain,1,False,0,1
ways to fix burnout,1.5,distress,0,False,0,1
how to overcome burnout,1.5,constructive_pain,2,False,0,1
ways to overcome burnout,1.5,constructive_pain,1,False,0,1
how to manage burnout,1.5,constructive_pain,2,False,0,1
ways to manage burnout,1.5,constructive_pain,1,False,0,1
how to prevent burnout,1.5,constructive_pain,1,False,0,1
ways to prevent burnout,1.5,distress,0,False,0,1
how to spot signs of burnout,1.5,constructive_pain,1,False,0,1
ways to spot signs of burnout,1.5,distress,0,False,0,1
why burnout won't go away,4.5,distress,0,False,1,1
burnout that rest doesn't fix,1.5,distress,0,False,0,1
burnout self help book,1.5,constructive_pain,1,False,0,1
burnout for executives,1.5,constructive_pain,1,False,0,1
burnout for professionals South Africa,1.5,distress,0,True,0,1
burnout Sandton,1.5,distress,0,True,0,1
burnout Gauteng,1.5,distress,0,True,0,1
I can't recover from burnout,1.5,constructive_pain,1,False,0,1
how to mental exhaustion,1.5,constructive_pain,1,False,0,1
ways to mental exhaustion,1.5,distress,0,False,0,1
how to chronic exhaustion,1.5,constructive_pain,1,False,0,1
ways to chronic exhaustion,1.5,distress,0,False,0,1
how to work exhaustion,1.5,constructive_pain,1,False,0,1
ways to work exhaustion,1.5,distress,0,False,0,1
how to emotional exhaustion,1.5,constructive_pain,1,False,0,1
ways to emotional exhaustion,1.5,distress,0,False,0,1
how to high performer exhaustion,1.5,constructive_pain,2,False,0,1
ways to high performer exhaustion,1.5,constructive_pain,1,False,0,1
why exhaustion won't go away,4.5,distress,0,False,1,1
exhaustion that rest doesn't fix,1.5,distress,0,False,0,1
exhaustion self help book,1.5,constructive_pain,1,False,0,1
exhaustion for executives,1.5,constructive_pain,1,False,0,1
exhaustion for professionals South Africa,1.5,distress,0,True,0,1
exhaustion Sandton,1.5,distress,0,True,0,1
exhaustion Gauteng,1.5,distress,0,True,0,1
I can't exhaustion,1.5,distress,0,False,0,1
how to stop overreacting,1.5,constructive_pain,2,False,0,1
ways to stop overreacting,1.5,constructive_pain,1,False,0,1
how to control overreacting,1.5,constructive_pain,2,False,0,1
ways to control overreacting,1.5,constructive_pain,1,False,0,1
how to reduce overreacting,1.5,constructive_pain,1,False,0,1
ways to reduce overreacting,1.5,distress,0,False,0,1
how to understand overreacting,1.5,constructive_pain,1,False,0,1
ways to understand overreacting,1.5,distress,0,False,0,1
how to prevent overreacting,1.5,constructive_pain,1,False,0,1
ways to prevent overreacting,1.5,distress,0,False,0,1
why overreacting won't go away,4.5,distress,0,False,1,1
overreacting that rest doesn't fix,1.5,distress,0,False,0,1
overreacting self help book,1.5,constructive_pain,1,False,0,1
overreacting for executives,1.5,constructive_pain,1,False,0,1
overreacting for professionals South Africa,1.5,distress,0,True,0,1
overreacting Sandton,1.5,distress,0,True,0,1
overreacting Gauteng,1.5,distress,0,True,0,1
I can't stop overreacting,4.5,constructive_pain,1,False,1,1
how to manage emotional triggers,1.5,constructive_pain,2,False,0,1
ways to manage emotional triggers,1.5,constructive_pain,1,False,0,1
how to identify emotional triggers,1.5,constructive_pain,1,False,0,1
ways to identify emotional triggers,1.5,distress,0,False,0,1
how to defuse emotional triggers,1.5,constructive_pain,1,False,0,1
ways to defuse emotional triggers,1.5,distress,0,False,0,1
how to understand emotional triggers,1.5,constructive_pain,1,False,0,1
ways to understand emotional triggers,1.5,distress,0,False,0,1
how to release emotional triggers,1.5,constructive_pain,1,False,0,1
ways to release emotional triggers,1.5,distress,0,False,0,1
why emotional triggers won't go away,4.5,distress,0,False,1,1
emotional triggers that rest doesn't fix,1.5,distress,0,False,0,1
emotional triggers self help book,1.5,constructive_pain,1,False,0,1
emotional triggers for executives,1.5,constructive_pain,1,False,0,1
emotional triggers for professionals South Africa,1.5,distress,0,True,0,1
emotional triggers Sandton,1.5,distress,0,True,0,1
emotional triggers Gauteng,1.5,distress,0,True,0,1
I can't emotional triggers,1.5,distress,0,False,0,1
how to reduce irritability,0.0,agency,1,False,0,0
ways to reduce irritability,0.0,neutral_info,0,False,0,0
how to stop irritability,0.0,agency,2,False,0,0
ways to stop irritability,0.0,agency,1,False,0,0
how to manage irritability,0.0,agency,2,False,0,0
ways to manage irritability,0.0,agency,1,False,0,0
how to understand causes of irritability,0.0,agency,1,False,0,0
ways to understand causes of irritability,0.0,neutral_info,0,False,0,0
why irritability won't go away,3.0,distress,0,False,1,0
irritability that rest doesn't fix,0.0,neutral_info,0,False,0,0
irritability self help book,0.0,agency,1,False,0,0
irritability for executives,0.0,agency,1,False,0,0
irritability for professionals South Africa,0.0,neutral_info,0,True,0,0
irritability Sandton,0.0,neutral_info,0,True,0,0
irritability Gauteng,0.0,neutral_info,0,True,0,0
I can't irritability,0.0,neutral_info,0,False,0,0
how to stop overthinking,1.5,constructive_pain,2,False,0,1
ways to stop overthinking,1.5,constructive_pain,1,False,0,1
how to reduce overthinking,1.5,constructive_pain,1,False,0,1
ways to reduce overthinking,1.5,distress,0,False,0,1
how to quiet overthinking,1.5,constructive_pain,1,False,0,1
ways to quiet overthinking,1.5,distress,0,False,0,1
how to break the cycle of overthinking,1.5,constructive_pain,1,False,0,1
ways to break the cycle of overthinking,1.5,distress,0,False,0,1
why overthinking won't go away,4.5,distress,0,False,1,1
overthinking that rest doesn't fix,1.5,distress,0,False,0,1
overthinking self help book,1.5,constructive_pain,1,False,0,1
overthinking for executives,1.5,constructive_pain,1,False,0,1
overthinking for professionals South Africa,1.5,distress,0,True,0,1
overthinking Sandton,1.5,distress,0,True,0,1
overthinking Gauteng,1.5,distress,0,True,0,1
I can't overthinking,1.5,distress,0,False,0,1
how to stop rumination,1.5,constructive_pain,2,False,0,1
ways to stop rumination,1.5,constructive_pain,1,False,0,1
how to break rumination,1.5,constructive_pain,1,False,0,1
ways to break rumination,1.5,distress,0,False,0,1
how to escape rumination,1.5,constructive_pain,1,False,0,1
ways to escape rumination,1.5,distress,0,False,0,1
how to end rumination,1.5,constructive_pain,1,False,0,1
ways to end rumination,1.5,distress,0,False,0,1
why rumination won't go away,4.5,distress,0,False,1,1
rumination that rest doesn't fix,1.5,distress,0,False,0,1
rumination self help book,1.5,constructive_pain,1,False,0,1
rumination for executives,1.5,constructive_pain,1,False,0,1
rumination for professionals South Africa,1.5,distress,0,True,0,1
rumination Sandton,1.5,distress,0,True,0,1
rumination Gauteng,1.5,distress,0,True,0,1
I can't rumination,1.5,distress,0,False,0,1
how to stop self sabotage,1.5,constructive_pain,2,False,0,1
ways to stop self sabotage,1.5,constructive_pain,1,False,0,1
how to overcome self sabotage,1.5,constructive_pain,2,False,0,1
ways to overcome self sabotage,1.5,constructive_pain,1,False,0,1
how to break patterns of self sabotage,1.5,constructive_pain,1,False,0,1
ways to break patterns of self sabotage,1.5,distress,0,False,0,1
how to understand self sabotage,1.5,constructive_pain,1,False,0,1
ways to understand self sabotage,1.5,distress,0,False,0,1
why self sabotage won't go away,4.5,distress,0,False,1,1
self sabotage that rest doesn't fix,1.5,distress,0,False,0,1
self sabotage self help book,1.5,constructive_pain,1,False,0,1
self sabotage for executives,1.5,constructive_pain,1,False,0,1
self sabotage for professionals South Africa,1.5,distress,0,True,0,1
self sabotage Sandton,1.5,distress,0,True,0,1
self sabotage Gauteng,1.5,distress,0,True,0,1
I can't self sabotage,1.5,distress,0,False,0,1
how to recover from emotional numbness,3.0,constructive_pain,2,False,1,0
ways to recover from emotional numbness,3.0,constructive_pain,1,False,1,0
how to understand emotional numbness,3.0,constructive_pain,1,False,1,0
ways to understand emotional numbness,3.0,distress,0,False,1,0
how to break through emotional numbness,3.0,constructive_pain,1,False,1,0
ways to break through emotional numbness,3.0,distress,0,False,1,0
how to heal emotional numbness,3.0,constructive_pain,1,False,1,0
ways to heal emotional numbness,3.0,distress,0,False,1,0
why emotional numbness won't go away,6.0,high_distress,0,False,2,0
emotional numbness that rest doesn't fix,3.0,distress,0,False,1,0
emotional numbness self help book,3.0,constructive_pain,1,False,1,0
emotional numbness for executives,3.0,constructive_pain,1,False,1,0
emotional numbness for professionals South Africa,3.0,distress,0,True,1,0
emotional numbness Sandton,3.0,distress,0,True,1,0
emotional numbness Gauteng,3.0,distress,0,True,1,0
I can't emotional numbness,3.0,distress,0,False,1,0
how to despite success emptiness,0.0,agency,1,False,0,0
ways to despite success emptiness,0.0,neutral_info,0,False,0,0
how to after achievement emptiness,0.0,agency,1,False,0,0
ways to after achievement emptiness,0.0,neutral_info,0,False,0,0
how to career emptiness,0.0,agency,1,False,0,0
ways to career emptiness,0.0,neutral_info,0,False,0,0
how to inner emptiness,0.0,agency,1,False,0,0
ways to inner emptiness,0.0,neutral_info,0,False,0,0
why emptiness won't go away,3.0,distress,0,False,1,0
emptiness that rest doesn't fix,0.0,neutral_info,0,False,0,0
emptiness self help book,0.0,agency,1,False,0,0
emptiness for executives,0.0,agency,1,False,0,0
emptiness for professionals South Africa,0.0,neutral_info,0,True,0,0
emptiness Sandton,0.0,neutral_info,0,True,0,0
emptiness Gauteng,0.0,neutral_info,0,True,0,0
I can't emptiness,0.0,neutral_info,0,False,0,0
how to automatic stress reactions,1.5,constructive_pain,1,False,0,1
ways to automatic stress reactions,1.5,distress,0,False,0,1
how to unwanted stress reactions,1.5,constructive_pain,1,False,0,1
ways to unwanted stress reactions,1.5,distress,0,False,0,1
how to disproportionate stress reactions,1.5,constructive_pain,1,False,0,1
ways to disproportionate stress reactions,1.5,distress,0,False,0,1
how to stored stress reactions,1.5,constructive_pain,1,False,0,1
ways to stored stress reactions,1.5,distress,0,False,0,1
why stress reactions won't go away,4.5,distress,0,False,1,1
stress reactions that rest doesn't fix,1.5,distress,0,False,0,1
stress reactions self help book,1.5,constructive_pain,1,False,0,1
stress reactions for executives,1.5,constructive_pain,1,False,0,1
stress reactions for professionals South Africa,1.5,distress,0,True,0,1
stress reactions Sandton,1.5,distress,0,True,0,1
stress reactions Gauteng,1.5,distress,0,True,0,1
I can't stress reactions,1.5,distress,0,False,0,1
how to regain composure,0.0,agency,3,False,0,0
ways to regain composure,0.0,agency,2,False,0,0
how to keep under pressure composure,1.5,constructive_pain,2,False,0,1
ways to keep under pressure composure,1.5,constructive_pain,1,False,0,1
how to rebuild composure,0.0,agency,3,False,0,0
ways to rebuild composure,0.0,agency,2,False,0,0
how to maintain composure,0.0,agency,2,False,0,0
ways to maintain composure,0.0,agency,1,False,0,0
why composure won't go away,3.0,constructive_pain,1,False,1,0
composure that rest doesn't fix,0.0,agency,1,False,0,0
composure self help book,0.0,agency,2,False,0,0
composure for executives,0.0,agency,2,False,0,0
composure for professionals South Africa,0.0,agency,1,True,0,0
composure Sandton,0.0,agency,1,True,0,0
composure Gauteng,0.0,agency,1,True,0,0
I can't composure,0.0,agency,1,False,0,0
how to mental clarity,0.0,agency,2,False,0,0
ways to mental clarity,0.0,agency,1,False,0,0
how to under stress clarity,1.5,constructive_pain,2,False,0,1
ways to under stress clarity,1.5,constructive_pain,1,False,0,1
how to regain clarity,0.0,agency,3,False,0,0
ways to regain clarity,0.0,agency,2,False,0,0
how to executive clarity,0.0,agency,3,False,0,0
ways to executive clarity,0.0,agency,2,False,0,0
why clarity won't go away,3.0,constructive_pain,1,False,1,0
clarity that rest doesn't fix,0.0,agency,1,False,0,0
clarity self help book,0.0,agency,2,False,0,0
clarity for executives,0.0,agency,2,False,0,0
clarity for professionals South Africa,0.0,agency,1,True,0,0
clarity Sandton,0.0,agency,1,True,0,0
clarity Gauteng,0.0,agency,1,True,0,0
I can't clarity,0.0,agency,1,False,0,0
how to recover capacity,0.0,agency,3,False,0,0
ways to recover capacity,0.0,agency,2,False,0,0
how to rebuild capacity,0.0,agency,3,False,0,0
ways to rebuild capacity,0.0,agency,2,False,0,0
how to get back capacity,0.0,agency,2,False,0,0
ways to get back capacity,0.0,agency,1,False,0,0
how to operating capacity,0.0,agency,2,False,0,0
ways to operating capacity,0.0,agency,1,False,0,0
why capacity won't go away,3.0,constructive_pain,1,False,1,0
capacity that rest doesn't fix,0.0,agency,1,False,0,0
capacity self help book,0.0,agency,2,False,0,0
capacity for executives,0.0,agency,2,False,0,0
capacity for professionals South Africa,0.0,agency,1,True,0,0
capacity Sandton,0.0,agency,1,True,0,0
capacity Gauteng,0.0,agency,1,True,0,0
I can't capacity,0.0,agency,1,False,0,0
how to regain patience,0.0,agency,2,False,0,0
ways to regain patience,0.0,agency,1,False,0,0
how to lost patience,0.0,agency,1,False,0,0
ways to lost patience,0.0,neutral_info,0,False,0,0
how to with family patience,0.0,agency,1,False,0,0
ways to with family patience,0.0,neutral_info,0,False,0,0
how to after work patience,0.0,agency,1,False,0,0
ways to after work patience,0.0,neutral_info,0,False,0,0
why patience won't go away,3.0,distress,0,False,1,0
patience that rest doesn't fix,0.0,neutral_info,0,False,0,0
patience self help book,0.0,agency,1,False,0,0
patience for executives,0.0,agency,1,False,0,0
patience for professionals South Africa,0.0,neutral_info,0,True,0,0
patience Sandton,0.0,neutral_info,0,True,0,0
patience Gauteng,0.0,neutral_info,0,True,0,0
I can't patience,0.0,neutral_info,0,False,0,0
how to handle load shedding,1.5,constructive_pain,1,True,0,1
load shedding and burnout,3.0,distress,0,True,0,2
load shedding mental exhaustion,3.0,distress,0,True,0,2
load shedding can't switch off,1.5,distress,0,True,0,1
load shedding Johannesburg,1.5,distress,0,True,0,1
load shedding Cape Town,1.5,distress,0,True,0,1
recover from load shedding,1.5,constructive_pain,1,True,0,1
load shedding self help,1.5,constructive_pain,1,True,0,1
how to handle load shedding stress,3.0,constructive_pain,1,True,0,2
load shedding stress and burnout,4.5,distress,0,True,0,3
load shedding stress mental exhaustion,4.5,distress,0,True,0,3
load shedding stress can't switch off,3.0,distress,0,True,0,2
load shedding stress Johannesburg,3.0,distress,0,True,0,2
load shedding stress Cape Town,3.0,distress,0,True,0,2
recover from load shedding stress,3.0,constructive_pain,1,True,0,2
load shedding stress self help,3.0,constructive_pain,1,True,0,2
how to handle traffic and work stress,1.5,constructive_pain,1,False,0,1
traffic and work stress and burnout,3.0,distress,0,False,0,2
traffic and work stress mental exhaustion,3.0,distress,0,False,0,2
traffic and work stress can't switch off,1.5,distress,0,False,0,1
traffic and work stress Johannesburg,1.5,distress,0,True,0,1
traffic and work stress Cape Town,1.5,distress,0,True,0,1
recover from traffic and work stress,1.5,constructive_pain,1,False,0,1
traffic and work stress self help,1.5,constructive_pain,1,False,0,1
how to handle cost of living pressure,1.5,constructive_pain,1,False,0,1
cost of living pressure and burnout,3.0,distress,0,False,0,2
cost of living pressure mental exhaustion,3.0,distress,0,False,0,2
cost of living pressure can't switch off,1.5,distress,0,False,0,1
cost of living pressure Johannesburg,1.5,distress,0,True,0,1
cost of living pressure Cape Town,1.5,distress,0,True,0,1
recover from cost of living pressure,1.5,constructive_pain,1,False,0,1
cost of living pressure self help,1.5,constructive_pain,1,False,0,1
how to handle providing for family stress,1.5,constructive_pain,1,False,0,1
providing for family stress and burnout,3.0,distress,0,False,0,2
providing for family stress mental exhaustion,3.0,distress,0,False,0,2
providing for family stress can't switch off,1.5,distress,0,False,0,1
providing for family stress Johannesburg,1.5,distress,0,True,0,1
providing for family stress Cape Town,1.5,distress,0,True,0,1
recover from providing for family stress,1.5,constructive_pain,1,False,0,1
providing for family stress self help,1.5,constructive_pain,1,False,0,1
how to handle economic pressure,1.5,constructive_pain,1,False,0,1
economic pressure and burnout,3.0,distress,0,False,0,2
economic pressure mental exhaustion,3.0,distress,0,False,0,2
economic pressure can't switch off,1.5,distress,0,False,0,1
economic pressure Johannesburg,1.5,distress,0,True,0,1
economic pressure Cape Town,1.5,distress,0,True,0,1
recover from economic pressure,1.5,constructive_pain,1,False,0,1
economic pressure self help,1.5,constructive_pain,1,False,0,1
how to handle crime related stress,1.5,constructive_pain,1,False,0,1
crime related stress and burnout,3.0,distress,0,False,0,2
crime related stress mental exhaustion,3.0,distress,0,False,0,2
crime related stress can't switch off,1.5,distress,0,False,0,1
crime related stress Johannesburg,1.5,distress,0,True,0,1
crime related stress Cape Town,1.5,distress,0,True,0,1
recover from crime related stress,1.5,constructive_pain,1,False,0,1
crime related stress self help,1.5,constructive_pain,1,False,0,1
how to handle service delivery frustration,0.0,agency,1,False,0,0
service delivery frustration and burnout,1.5,distress,0,False,0,1
service delivery frustration mental exhaustion,1.5,distress,0,False,0,1
service delivery frustration can't switch off,0.0,neutral_info,0,False,0,0
service delivery frustration Johannesburg,0.0,neutral_info,0,True,0,0
service delivery frustration Cape Town,0.0,neutral_info,0,True,0,0
recover from service delivery frustration,0.0,agency,1,False,0,0
service delivery frustration self help,0.0,agency,1,False,0,0
how to handle job insecurity stress,1.5,constructive_pain,1,False,0,1
job insecurity stress and burnout,3.0,distress,0,False,0,2
job insecurity stress mental exhaustion,3.0,distress,0,False,0,2
job insecurity stress can't switch off,1.5,distress,0,False,0,1
job insecurity stress Johannesburg,1.5,distress,0,True,0,1
job insecurity stress Cape Town,1.5,distress,0,True,0,1
recover from job insecurity stress,1.5,constructive_pain,1,False,0,1
job insecurity stress self help,1.5,constructive_pain,1,False,0,1
how to handle retrenchment stress,1.5,constructive_pain,1,False,0,1
retrenchment stress and burnout,3.0,distress,0,False,0,2
retrenchment stress mental exhaustion,3.0,distress,0,False,0,2
retrenchment stress can't switch off,1.5,distress,0,False,0,1
retrenchment stress Johannesburg,1.5,distress,0,True,0,1
retrenchment stress Cape Town,1.5,distress,0,True,0,1
recover from retrenchment stress,1.5,constructive_pain,1,False,0,1
retrenchment stress self help,1.5,constructive_pain,1,False,0,1
how to handle middle class pressure South Africa,1.5,constructive_pain,1,True,0,1
middle class pressure South Africa and burnout,3.0,distress,0,True,0,2
middle class pressure South Africa mental exhaustion,3.0,distress,0,True,0,2
middle class pressure South Africa can't switch off,1.5,distress,0,True,0,1
middle class pressure South Africa Johannesburg,1.5,distress,0,True,0,1
middle class pressure South Africa Cape Town,1.5,distress,0,True,0,1
recover from middle class pressure South Africa,1.5,constructive_pain,1,True,0,1
middle class pressure South Africa self help,1.5,constructive_pain,1,True,0,1
I've achieved a lot in my career but I still feel empty and I don't know why,3.0,distress,0,False,1,0
I overreact to small things at home and then feel ashamed for hours,4.5,distress,0,False,1,1
Weekends and leave don't restore me anymore what should I look at,0.0,neutral_info,0,False,0,0
I can't quit my job because of money but I'm burning out badly,0.0,neutral_info,0,False,0,0
My mind replays conversations all night and I wake up exhausted,3.0,distress,0,False,1,0
I used to feel things deeply now I feel numb most of the time,3.0,distress,0,False,1,0
I snap at my kids after work and I hate that version of myself,3.0,distress,0,False,1,0
I'm the person everyone relies on and I have nothing left,3.0,distress,0,False,1,0
Success looks good from outside and hollow from inside,3.0,distress,0,False,1,0
I react before I can think and it damages relationships,0.0,neutral_info,0,False,0,0
I need a practical system to understand my stress reactions,1.5,constructive_pain,1,False,0,1
I'm able and still functioning but something is running me,0.0,agency,1,False,0,0
Load shedding traffic and deadlines never stop how do I stay clear,1.5,constructive_pain,1,True,0,1
I want capacity and composure back not only coping tips,0.0,agency,2,False,0,0
I keep sabotaging progress right when things improve,0.0,neutral_info,0,False,0,0
Old stress still shows up in new situations years later,1.5,distress,0,False,0,1
I provide for everyone and I'm running on empty,6.0,high_distress,0,False,2,0
I want tools for high performers not victim language,0.0,agency,2,False,0,0
How do I recover while still in a high pressure Joburg job,1.5,constructive_pain,1,True,0,1
What book explains why I react without choosing to,0.0,neutral_info,0,False,0,0
I feel trapped between burnout and financial responsibility in SA,4.5,distress,0,False,1,1
I fake fine at work and collapse emotionally at home,3.0,distress,0,False,1,0
I need to stop being controlled by automatic stress responses,1.5,constructive_pain,2,False,0,1
I'm searching for meaning after external success didn't deliver,0.0,neutral_info,0,False,0,0
How do able people rebuild capacity under ongoing SA pressure,1.5,constructive_pain,3,False,0,1
self help vs just pushing through stress,1.5,constructive_pain,1,False,0,1
practical self help for emotional reactions,0.0,agency,2,False,0,0
structured method for stress patterns,1.5,distress,0,False,0,1
book that explains emotional overreactions,1.5,distress,0,False,0,1
self improvement when rest isn't enough,0.0,neutral_info,0,False,0,0
tools for composure under pressure,1.5,constructive_pain,2,False,0,1
system for understanding automatic reactions,0.0,neutral_info,0,False,0,0
self help for high agency adults,0.0,agency,1,False,0,0
personal development beyond motivation quotes,0.0,neutral_info,0,False,0,0
depth self help for professionals,0.0,agency,1,False,0,0
executive burnout recovery Johannesburg,1.5,constructive_pain,2,True,0,1
Johannesburg executive burnout recovery,1.5,constructive_pain,2,True,0,1
Johannesburg stop overreacting,1.5,constructive_pain,1,True,0,1
Johannesburg emotional resilience,0.0,agency,1,True,0,0
Johannesburg self mastery,0.0,agency,1,True,0,0
work stress recovery Johannesburg,1.5,constructive_pain,1,True,0,1
Johannesburg work stress recovery,1.5,constructive_pain,1,True,0,1
Johannesburg mental exhaustion,1.5,distress,0,True,0,1
Johannesburg high performer stress,1.5,constructive_pain,1,True,0,1
regain composure Johannesburg,0.0,agency,2,True,0,0
Johannesburg regain composure,0.0,agency,2,True,0,0
Johannesburg successful but empty,3.0,distress,0,True,1,0
irritability after work Johannesburg,0.0,neutral_info,0,True,0,0
Johannesburg irritability after work,0.0,neutral_info,0,True,0,0
executive burnout recovery Joburg,1.5,constructive_pain,2,True,0,1
Joburg executive burnout recovery,1.5,constructive_pain,2,True,0,1
Joburg stop overreacting,1.5,constructive_pain,1,True,0,1
Joburg emotional resilience,0.0,agency,1,True,0,0
Joburg self mastery,0.0,agency,1,True,0,0
work stress recovery Joburg,1.5,constructive_pain,1,True,0,1
Joburg work stress recovery,1.5,constructive_pain,1,True,0,1
Joburg mental exhaustion,1.5,distress,0,True,0,1
Joburg high performer stress,1.5,constructive_pain,1,True,0,1
regain composure Joburg,0.0,agency,2,True,0,0
Joburg regain composure,0.0,agency,2,True,0,0
successful but empty Joburg,3.0,distress,0,True,1,0
Joburg successful but empty,3.0,distress,0,True,1,0
irritability after work Joburg,0.0,neutral_info,0,True,0,0
Joburg irritability after work,0.0,neutral_info,0,True,0,0
executive burnout recovery Sandton,1.5,constructive_pain,2,True,0,1
Sandton executive burnout recovery,1.5,constructive_pain,2,True,0,1
Sandton stop overreacting,1.5,constructive_pain,1,True,0,1
Sandton emotional resilience,0.0,agency,1,True,0,0
Sandton self mastery,0.0,agency,1,True,0,0
work stress recovery Sandton,1.5,constructive_pain,1,True,0,1
Sandton work stress recovery,1.5,constructive_pain,1,True,0,1
Sandton mental exhaustion,1.5,distress,0,True,0,1
Sandton high performer stress,1.5,constructive_pain,1,True,0,1
regain composure Sandton,0.0,agency,2,True,0,0
Sandton regain composure,0.0,agency,2,True,0,0
successful but empty Sandton,3.0,distress,0,True,1,0
Sandton successful but empty,3.0,distress,0,True,1,0
irritability after work Sandton,0.0,neutral_info,0,True,0,0
Sandton irritability after work,0.0,neutral_info,0,True,0,0
executive burnout recovery Randburg,1.5,constructive_pain,2,True,0,1
Randburg executive burnout recovery,1.5,constructive_pain,2,True,0,1
Randburg stop overreacting,1.5,constructive_pain,1,True,0,1
Randburg emotional resilience,0.0,agency,1,True,0,0
Randburg self mastery,0.0,agency,1,True,0,0
work stress recovery Randburg,1.5,constructive_pain,1,True,0,1
Randburg work stress recovery,1.5,constructive_pain,1,True,0,1
Randburg mental exhaustion,1.5,distress,0,True,0,1
Randburg high performer stress,1.5,constructive_pain,1,True,0,1
regain composure Randburg,0.0,agency,2,True,0,0
Randburg regain composure,0.0,agency,2,True,0,0
successful but empty Randburg,3.0,distress,0,True,1,0
Randburg successful but empty,3.0,distress,0,True,1,0
irritability after work Randburg,0.0,neutral_info,0,True,0,0
Randburg irritability after work,0.0,neutral_info,0,True,0,0
executive burnout recovery Cape Town,1.5,constructive_pain,2,True,0,1
Cape Town executive burnout recovery,1.5,constructive_pain,2,True,0,1
Cape Town stop overreacting,1.5,constructive_pain,1,True,0,1
Cape Town emotional resilience,0.0,agency,1,True,0,0
Cape Town self mastery,0.0,agency,1,True,0,0
work stress recovery Cape Town,1.5,constructive_pain,1,True,0,1
Cape Town work stress recovery,1.5,constructive_pain,1,True,0,1
Cape Town mental exhaustion,1.5,distress,0,True,0,1
Cape Town high performer stress,1.5,constructive_pain,1,True,0,1
regain composure Cape Town,0.0,agency,2,True,0,0
Cape Town regain composure,0.0,agency,2,True,0,0
successful but empty Cape Town,3.0,distress,0,True,1,0
Cape Town successful but empty,3.0,distress,0,True,1,0
irritability after work Cape Town,0.0,neutral_info,0,True,0,0
Cape Town irritability after work,0.0,neutral_info,0,True,0,0
executive burnout recovery Durban,1.5,constructive_pain,2,True,0,1
Durban executive burnout recovery,1.5,constructive_pain,2,True,0,1
Durban stop overreacting,1.5,constructive_pain,1,True,0,1
Durban emotional resilience,0.0,agency,1,True,0,0
Durban self mastery,0.0,agency,1,True,0,0
work stress recovery Durban,1.5,constructive_pain,1,True,0,1
Durban mental exhaustion,1.5,distress,0,True,0,1
Durban high performer stress,1.5,constructive_pain,1,True,0,1
regain composure Durban,0.0,agency,2,True,0,0
Durban regain composure,0.0,agency,2,True,0,0
successful but empty Durban,3.0,distress,0,True,1,0
Durban successful but empty,3.0,distress,0,True,1,0
irritability after work Durban,0.0,neutral_info,0,True,0,0
Durban irritability after work,0.0,neutral_info,0,True,0,0
executive burnout recovery Gqeberha,1.5,constructive_pain,2,True,0,1
Gqeberha executive burnout recovery,1.5,constructive_pain,2,True,0,1
Gqeberha stop overreacting,1.5,constructive_pain,1,True,0,1
Gqeberha emotional resilience,0.0,agency,1,True,0,0
Gqeberha self mastery,0.0,agency,1,True,0,0
work stress recovery Gqeberha,1.5,constructive_pain,1,True,0,1
Gqeberha work stress recovery,1.5,constructive_pain,1,True,0,1
Gqeberha mental exhaustion,1.5,distress,0,True,0,1
Gqeberha high performer stress,1.5,constructive_pain,1,True,0,1
regain composure Gqeberha,0.0,agency,2,True,0,0
Gqeberha regain composure,0.0,agency,2,True,0,0
successful but empty Gqeberha,3.0,distress,0,True,1,0
Gqeberha successful but empty,3.0,distress,0,True,1,0
irritability after work Gqeberha,0.0,neutral_info,0,True,0,0
Gqeberha irritability after work,0.0,neutral_info,0,True,0,0
executive burnout recovery Pretoria,1.5,constructive_pain,2,True,0,1
Pretoria executive burnout recovery,1.5,constructive_pain,2,True,0,1
stop overreacting Pretoria,1.5,constructive_pain,1,True,0,1
Pretoria stop overreacting,1.5,constructive_pain,1,True,0,1
emotional resilience Pretoria,0.0,agency,1,True,0,0
Pretoria emotional resilience,0.0,agency,1,True,0,0
self mastery Pretoria,0.0,agency,1,True,0,0
Pretoria self mastery,0.0,agency,1,True,0,0
work stress recovery Pretoria,1.5,constructive_pain,1,True,0,1
Pretoria work stress recovery,1.5,constructive_pain,1,True,0,1
mental exhaustion Pretoria,1.5,distress,0,True,0,1
Pretoria mental exhaustion,1.5,distress,0,True,0,1
high performer stress Pretoria,1.5,constructive_pain,1,True,0,1
Pretoria high performer stress,1.5,constructive_pain,1,True,0,1
regain composure Pretoria,0.0,agency,2,True,0,0
Pretoria regain composure,0.0,agency,2,True,0,0
successful but empty Pretoria,3.0,distress,0,True,1,0
Pretoria successful but empty,3.0,distress,0,True,1,0
irritability after work Pretoria,0.0,neutral_info,0,True,0,0
Pretoria irritability after work,0.0,neutral_info,0,True,0,0
executive burnout recovery Gauteng,1.5,constructive_pain,2,True,0,1
Gauteng executive burnout recovery,1.5,constructive_pain,2,True,0,1
stop overreacting Gauteng,1.5,constructive_pain,1,True,0,1
Gauteng stop overreacting,1.5,constructive_pain,1,True,0,1
emotional resilience Gauteng,0.0,agency,1,True,0,0
Gauteng emotional resilience,0.0,agency,1,True,0,0
self mastery Gauteng,0.0,agency,1,True,0,0
Gauteng self mastery,0.0,agency,1,True,0,0
work stress recovery Gauteng,1.5,constructive_pain,1,True,0,1
Gauteng work stress recovery,1.5,constructive_pain,1,True,0,1
mental exhaustion Gauteng,1.5,distress,0,True,0,1
Gauteng mental exhaustion,1.5,distress,0,True,0,1
high performer stress Gauteng,1.5,constructive_pain,1,True,0,1
Gauteng high performer stress,1.5,constructive_pain,1,True,0,1
regain composure Gauteng,0.0,agency,2,True,0,0
Gauteng regain composure,0.0,agency,2,True,0,0
successful but empty Gauteng,3.0,distress,0,True,1,0
Gauteng successful but empty,3.0,distress,0,True,1,0
irritability after work Gauteng,0.0,neutral_info,0,True,0,0
Gauteng irritability after work,0.0,neutral_info,0,True,0,0
anyone else successful and still miserable,3.0,constructive_pain,1,False,1,0
I look fine but I'm not fine,0.0,neutral_info,0,False,0,0
tired of apologising after every outburst,1.5,distress,0,False,0,1
my patience is gone,0.0,neutral_info,0,False,0,0
I miss who I was before the stress,1.5,distress,0,False,0,1
I need my edge back without the reactivity,0.0,neutral_info,0,False,0,0
sleeping more didn't help,0.0,neutral_info,0,False,0,0
holiday didn't reset me,0.0,neutral_info,0,False,0,0
I can't meditate my way out of this,0.0,neutral_info,0,False,0,0
motivation content doesn't fix the reactions,0.0,neutral_info,0,False,0,0
I need mechanism not only mindset,0.0,neutral_info,0,False,0,0
something deeper than positive thinking,0.0,neutral_info,0,False,0,0
